{"loss": [4.110989093780518, 2.632388114929199, 2.120760440826416, 1.8297145366668701, 1.6350677013397217, 1.4504591226577759, 1.315602421760559, 1.2182831764221191, 1.1291494369506836, 1.0422382354736328, 0.9674566984176636, 0.9150685667991638, 0.8709133267402649, 0.7905904650688171, 0.7696388363838196], "accuracy": [0.12645979225635529, 0.3171504735946655, 0.425258606672287, 0.481648325920105, 0.5357023477554321, 0.5835835933685303, 0.6131131052970886, 0.6418084502220154, 0.6633300185203552, 0.6821821928024292, 0.7102102041244507, 0.7237237095832825, 0.7342342138290405, 0.7579246163368225, 0.7624291181564331], "val_loss": [2.9644503593444824, 2.400203227996826, 2.0868804454803467, 1.9359863996505737, 1.8221262693405151, 1.7662097215652466, 1.736223816871643, 1.6799907684326172, 1.678521990776062, 1.691634178161621, 1.587751030921936, 1.591503381729126, 1.6032540798187256, 1.6459355354309082, 1.6298998594284058], "val_accuracy": [0.2583707273006439, 0.3636520504951477, 0.43821194767951965, 0.47652745246887207, 0.49810147285461426, 0.49982741475105286, 0.5231273770332336, 0.5431481003761292, 0.5426303148269653, 0.5391784310340881, 0.5640317797660828, 0.5619606375694275, 0.5678287744522095, 0.5567829012870789, 0.5671384334564209]}