{"accuracy": [0.22572572529315948, 0.4589589536190033, 0.5724057555198669, 0.6262929439544678, 0.6801801919937134, 0.7148815393447876, 0.7445778846740723, 0.7592592835426331, 0.7857857942581177, 0.8051384687423706, 0.819486141204834, 0.826826810836792, 0.8481814861297607, 0.8613613843917847, 0.8792125582695007, 0.8860527276992798, 0.8933933973312378, 0.8958958983421326, 0.9017350673675537, 0.9115782380104065], "loss": [3.504115104675293, 1.9589767456054688, 1.5123766660690308, 1.285800814628601, 1.0879493951797485, 0.9612506031990051, 0.8579849004745483, 0.7728540897369385, 0.6919028162956238, 0.6308678388595581, 0.5766845345497131, 0.5387743711471558, 0.48324498534202576, 0.43350183963775635, 0.3975943326950073, 0.37414100766181946, 0.3362219035625458, 0.33041810989379883, 0.30905666947364807, 0.289629191160202], "val_accuracy": [0.41525715589523315, 0.4956851899623871, 0.5533310174942017, 0.5840524435043335, 0.5852606296539307, 0.5871591567993164, 0.6108042597770691, 0.625647246837616, 0.6052813529968262, 0.6163272261619568, 0.6273731589317322, 0.6380738615989685, 0.6404901742935181, 0.6299620270729065, 0.6282361149787903, 0.623921275138855, 0.6334138512611389, 0.6332412958145142, 0.63962721824646, 0.63962721824646], "val_loss": [2.287231922149658, 1.8520294427871704, 1.6367764472961426, 1.500563621520996, 1.5186495780944824, 1.4950814247131348, 1.4304499626159668, 1.3764058351516724, 1.4862897396087646, 1.4366896152496338, 1.3782079219818115, 1.3761544227600098, 1.4092621803283691, 1.4548072814941406, 1.4769657850265503, 1.508943796157837, 1.489481806755066, 1.526808500289917, 1.4998520612716675, 1.4994288682937622]}